session_number,user_count,percentage
1,219,43.8
2,112,22.400000000000002
3,72,14.399999999999999
4,49,9.8
5,48,9.6
