session_number,user_id,conversion_rate
1,500,100.0
2,281,56.2
3,169,33.800000000000004
4,97,19.400000000000002
5,48,9.6
